,metric,overall_diff,mean_diff_batch
0,Test reward,0.0,0.0
1,Trajec mean,2.8851811584995577,0.23778664720755038
2,Trajec max,3.5362742228747965,0.3221563480664997
3,Window 100,4.78975898519884,0.43628138642187925
4,Window 50,3.6153042852366815,0.3050883833965272
5,Window 20,3.434260583420032,0.2877390573696609
6,Window 10,3.036739182695743,0.24789387507147295
7,Window 5,3.4563942723552605,0.27823934904149256
8,Window 1,3.184820250195005,0.2723558406555801
