pack,last,train_default,test_default,test_cost_opt
pack_PPO_BipedalWalker,0.129908874601299,0.1148518204249757,0.1026859864530855,0.0143097232454186
pack_PPO_LunarLanderContinuous,0.017633314880017497,0.02153540576397857,0.08449964353790221,0.016512121405311143
pack_PPO_LunarLanderContinuous,0.017633314880017497,0.02153540576397857,0.08449964353790221,0.016512121405311143
