,metric,overall_diff,mean_diff_batch
0,Test reward,0.0,0.0
1,Trajec mean,1.6920079023697803,0.2748143321336877
2,Trajec max,1.264453941626143,0.1882646902614035
3,Window 100,4.218671022832572,1.1093177189191974
4,Window 50,3.194094916486766,0.8848537842898747
5,Window 20,2.6240703424665126,0.6546140157434313
6,Window 10,1.8709954294545632,0.41889871926423466
7,Window 5,2.036191325461338,0.3795609233421182
8,Window 1,1.620251096560873,0.26357686176861306
